<?xml version="1.0" encoding="UTF-8" ?>
<!DOCTYPE mapper
  PUBLIC "-//mybatis.org//DTD Mapper 3.0//EN"
  "https://mybatis.org/dtd/mybatis-3-mapper.dtd">

<mapper namespace="com.yedam.mapper.MemberMapper">

  <!-- 로그인 회원 조회. -->
  <select id="selectMember" resultType="member">
    select member_id memberId, member_name memberName, member_pw memberPw, member_responsibility responsibility, images
    from tbl_member
    where member_id = #{id}
    and   member_pw = #{pw}
  </select>
  <!-- 아이디로 회원 조회. -->
  <select id="selectMemberId" resultType="member" parameterType="string">
    select member_id memberId, member_name memberName, member_pw memberPw, member_responsibility responsibility, images
    from tbl_member
    where member_id = #{id}
  </select>

  <!-- 회원등록. -->
  <insert id="insertMember" parameterType="member">
    insert into tbl_member (member_id, member_name, member_pw, member_responsibility, images)
    values(#{memberId}, #{memberName}, #{memberPw}, 'User', #{images})
  </insert>
  
  <!-- 비번변경. -->
  <update id="updatePasswd" parameterType="member">
    update tbl_member
    set    member_pw = #{memberPw}
    where member_id = #{memberId}
  </update>

</mapper>
